No,Peneliti,Insight,Wilayah,Temuan Utama,Data Pendukung,Implikasi
1,Aulia,"Talenta Digital ""Hijrah"" ke Luar Daerah (Brain Drain)",Lhokseumawe (Diaspora),"Dari 17 entitas, 3 entitas (Amanah Corp, Transact Australia, AvandaMobil) didirikan orang asli Lhokseumawe namun beroperasi di luar daerah.","2 dari 4 entitas yang mencapai tahap Scaling didirikan oleh orang Lhokseumawe namun berkembang di luar Aceh (Amanah Corp, AvandaMobil).","Ekosistem lokal belum mampu mempertahankan talenta dan mendukung pertumbuhan startup hingga tahap scaling, khususnya untuk sektor teknologi murni."
,Aulia,"Tingkat ""Ghosting"" Ekosistem Sangat Tinggi (41%)",Lhokseumawe & Bireuen,"Hampir separuh ekosistem bisnis rintisan di wilayah ini berstatus tidak aktif, mati suri (ghosting), atau sekadar ide yang tak berjalan.","Dari 17 data, 7 entitas (41%) berstatus ghosting/tidak aktif: 5 Startup (SIPOLI, Forganic, Fugha, Transact, Bepal) dan 2 UMKM Digital (BUMOE, Cold Brew). Semuanya yang ghosting berasal dari binaan kampus.","Kurangnya dukungan pasca-inkubasi (pendanaan lanjutan, akses pasar, dan ekosistem bisnis) menyebabkan banyak entitas tumbang di tengah jalan."
2,Aulia,Survival Rate Binaan Kampus (Unimal) Rendah — Hanya 33%,Lhokseumawe,"Mayoritas bisnis binaan inkubator kampus (program PPBT Unimal 2019) gagal bertahan di pasar riil. Dari 6 binaan, hanya 2 yang masih aktif (Plastik Sago & That Groen).",Survival rate 33% (2/6). Forganic bahkan punya izin BPOM & penghargaan ASEAN Japan Center tapi tetap ghosting.,"Program inkubasi kampus berhasil melahirkan prototipe produk riset, namun gagal membentuk model bisnis yang komersial dan mandiri. Gap terbesar di fase post-incubation."
3,Aulia,UMKM Digital Lebih Tahan Banting dari Startup (71% vs 50%),Lhokseumawe & Bireuen,"UMKM Digital memiliki survival rate 71% (5/7 aktif), lebih tinggi dari Startup 50% (5/10 aktif). UMKM Digital yang tumbuh organik (ByLilu, Kamiikan, Beujroh, Mom n Me) semuanya aktif; yang ghosting (BUMOE, Cold Brew) berasal dari inkubator kampus.","Startup: 10 total, 5 aktif (50%). UMKM Digital: 7 total, 5 aktif (71%). UMKM Digital organik: 5/5 aktif (100%).",Bisnis tradisional berbasis produk nyata yang merambah digital lebih realistis bagi kesiapan pasar lokal. Asal-usul organik vs binaan lebih menentukan survival ketimbang label kategori.
,Aulia,Digital Presence: Instagram Jadi Tulang Punggung (90% yang Aktif Punya IG),Lhokseumawe & Bireuen,"Instagram menjadi kanal digital paling dominan. 90% entitas aktif punya Instagram, sementara hanya 29% yang ghosting punya Instagram. Website dan LinkedIn masih sangat minim.",Punya IG: 11/17 (65%). Punya Website: 8/17 (47%). Punya LinkedIn: 5/17 (29%). Punya App: 3/17 (18%). Korelasi: 9/10 aktif punya IG vs 2/7 ghosting punya IG.,"Instagram bisa dijadikan entry point edukasi dan digitalisasi UMKM. Program pendampingan perlu membangun dari IG ke aset digital lebih lanjut (website, app)."
4,Aulia,"Lhokseumawe Dominan Tapi ""Keropos"", Bireuen Kecil Tapi Sehat, Aceh Utara Blank Zone","Lhokseumawe, Bireuen & Aceh Utara",Lhokseumawe memiliki 11 entitas tapi survival hanya 45% (5/11). Bireuen hanya 3 entitas tapi survival 100% (3/3). Aceh Utara = 0 entitas.,"Lhokseumawe: 11 total, 5 aktif (45%). Bireuen: 3 total, 3 aktif (100%). Diaspora: 3 total, 2 aktif (67%). Aceh Utara: 0.",Persebaran ekosistem digital sangat terpusat. Kuantitas tidak menjamin kualitas — Bireuen lebih sehat meski lebih kecil. Aceh Utara memerlukan intervensi khusus.
5,Aulia,Gelombang 2019 (PPBT) — Survival Rate Paling Rendah (20%),Lhokseumawe,"Entitas yang berdiri sebelum 2019 punya survival rate sempurna 100% (5/5), sedangkan gelombang PPBT 2019 hanya 20% (1/5 — hanya That Groen). Bisnis organik jauh lebih tahan.","Pre-2019: 5 entitas, 5 aktif (100%). 2019 (PPBT): 5 entitas, 1 aktif (20%). Post-2019: 4 entitas, 2 aktif (50%).","Program hibah pemerintah menghasilkan ledakan kuantitas tapi tanpa validasi pasar yang kuat, mayoritas tidak bertahan. Perlu syarat validasi pasar wajib sebelum pemberian hibah."
6,Taris,"Label ""startup transportasi"" di daerah ini masih longgar, mayoritas cuma operasional manual berbaju digital",Nagan Raya,"Ride-hailing lokal masih pra-digital, tapi punya satu startup app-based nyata","Nagojek, Bagah Jek, Eka Ojek Muslimah = WA-only; Kamoe Antar app terverifikasi Play Store sejak 2020",Peluang besar bagi pemain baru yang mau digitalisasi transportasi karena 3 dari 4 pemain belum punya app
,Taris,"Kampus (UTU) jadi motor utama lahirnya startup, bukan inisiatif pasar bebas",Aceh Barat,"Paling terdiversifikasi, satu-satunya punya startup tech asli & fintech app","TERPALIN.ID (agritech, juara nasional), Meulaboh Payment (app PPOB), 14 seller Tokopedia",Ekosistem paling matang di 4 wilayah cocok jadi hub jika mau ekspansi bisnis serupa
,Taris,"Digitalnya ""terpaksa"" karena target pasar turis asing, bukan hasil inovasi teknologi lokal",Simeulue,"Monokultur pariwisata digital, nol startup swasta",14 dari 16 entitas = resor selancar berbasis website/OTA; aplikasi yang ada cuma milik Pemkab,Sangat rentan kalau sektor wisata lesu nyaris tak ada diversifikasi ekonomi digital
,Taris,"kekosongan bisa berarti peluang pasar kosong, atau sekadar keterbatasan sumber data.",Aceh Jaya,"Wilayah paling tipis datanya, hampir semua konvensional","Cuma 4 entitas tervalidasi, 3 di antaranya cuma marketplace F&B, 1 cuma Instagram",
,Anum,Validasi Mengurangi Kandidat Digital Business (7:3),"Aceh Tengah, Aceh Tenggara, Bener Meriah, Aceh Selatan,   Kota Langsa, Subulussalam","Kota Langsa memiliki startup digital yang lebih beragam, terutama pada sektor software development dan layanan berbasis aplikasi.",Data/riset untuk daerah ini butuh penggalian lebih dalam sebelum ambil kesimpulan bisnis,"Kekosongan bisa berarti peluang pasar kosong, atau sekadar keterbatasan sumber data — perlu validasi lapangan"
,Anum,Model Platform Mendominasi Startup Aktif,Kota Langsa & Aceh Tengah,"Aceh Tengah didominasi oleh bisnis kopi yang telah memanfaatkan teknologi digital, namun sebagian besar masih berfokus pada ekspor dan pemasaran.","Dari hasil validasi, beberapa kandidat dieliminasi karena merupakan bisnis ekspor konvensional atau sudah tidak lagi beroperasi.",Startup berbasis platform memiliki peluang scale lebih tinggi dibanding bisnis yang hanya memanfaatkan media digital sebagai sarana promosi.
,Anum,Website dan Media Sosial Bukan Penentu Startup,Aceh Tengah & Aceh Selatan,"Aceh Selatan memiliki satu kandidat marketplace lokal, yaitu Meukat.id, yang berperan dalam digitalisasi UMKM. Namun sayangnya sudah tidak aktif.","Startup yang lolos validasi umumnya memiliki aplikasi, platform, atau software sebagai produk utama (misalnya marketplace atau layanan digital).",Kehadiran digital sebaiknya tidak dijadikan satu-satunya indikator dalam mengidentifikasi startup. Penilaian perlu mempertimbangkan model bisnis dan penggunaan teknologi.
,Anum,Keberlanjutan Menjadi Tantangan Startup Daerah,Aceh Selatan & Bener Meriah,elum ditemukan startup digital yang memenuhi kriteria di Aceh Tenggara dan Kota Subulussalam berdasarkan pencarian saat ini.,"Beberapa bisnis memiliki website dan akun media sosial aktif, namun model bisnis utamanya tetap berupa perdagangan atau ekspor produk.","Selain mendorong lahirnya startup baru, ekosistem juga perlu mendukung keberlanjutan bisnis melalui pendampingan, akses pasar, dan pengembangan kapasitas."
,Anum,Digitalisasi Sektor Unggulan Masih Terbatas,Aceh Tengah & Bener Meriah,Ekosistem startup di wilayah penugasan masih berada pada tahap awal dan memerlukan verifikasi lanjutan terhadap beberapa kandidat.,"Ditemukan startup yang pernah aktif namun kini sudah tidak beroperasi, seperti Meukat.id dan BepahKupi (jika statusnya telah terverifikasi).","Terdapat peluang untuk mengembangkan startup berbasis teknologi di sektor unggulan daerah, misalnya melalui platform pemasaran, traceability, supply chain, atau layanan pendukung lainnya."
,Raina,Banda Aceh menjadi pusat perkembangan startup digital di Aceh,Banda Aceh,Aktivitas startup digital di Aceh masih sangat terpusat di Kota Banda Aceh,32 startup ditemukan di Banda Aceh dibanding hanya 3 di Aceh Besar,Pemerataan ekosistem digital ke wilayah lain di Aceh di luar Banda Aceh perlu didorong lebih serius
,Raina,Startup di Bidang Pendidikan Mendominasi Ekosistem Startup Lokal,Banda Aceh & Aceh Besar,Sektor Pendidikan menjadi fokus paling banyak diminati pelaku startup lokal di banding lainnya,"Terdapat 6 startup edutech di Banda Aceh dan 1 di Aceh Besar, jumlah paling tinggi dibanding sektor industri lain",Sektor pendidikan bisa dijadikan fokus utama kebijakan dan pendampingan pengembangan startup ke depan
,Raina,Aktivitas Media Sosial Startup Masih Kurang Jadi Perlu Ditingkatkan,Banda Aceh & Aceh Besar,"Banyak Startup belum konsisten mengelola aktivitas kegiatan digitalnya di media sosial, kebanyakan terakhir update postingan tahun lalu",19 startup teridentifikasi kurang aktif untuk memperbarui media sosialnya,Rendahnya visibilitas online berpotensi mengurangi peluang startup menjangkau pengguna dan mitra baru
,Raina,Startup Lebih Banyak Menawarkan Layanan Dibandingkan Produk Digital,Banda Aceh & Aceh Besar,Mayoritas startup masih berorientasi pada layanan melalui website daripada pengembangan aplikasi,"Startup banyak bergerak di bidang web develompment, digital agency, dan layanan IT, sementara produk berbasis aplikasi sedikit","Perlu dorongan agar startup lokal mulai berubah untuk membangun produk digital sendiri, bukan hanya berbasis jasa"
,Raina,Karakteristik Startup Didominasi oleh Model Bisnis Campuran,Banda Aceh & Aceh Besar,Banyak startup lebih memilih melayani lebih dari satu segmen pasar sekaligus agar jangkauan bisnisnya menjadi lebih luas,"Sebanyak 18 Startup menerapkan model campuran yang melayani B2B, B2C, dan B2G",Model bisnis fleksibel ini memberi startup jangkauan pasar yang lebih luas dan daya tahan bisnis yang jauh lebih baik